{"system":"LorenzSystem","D":3,"seed":2,"x0":[1.8790107337,0.5514662733,2.7496936791],"OOD":false,"timesteps":100,"gp_dim":1.8718939635,"mse_mv":0.3499592369,"pca":1,"lyapunov_spectrum":null,"kaplan_yorke_dimension":null,"pesin":null}
{"system":"LorenzSystem","D":3,"seed":2,"x0":[1.8790107337,0.5514662733,2.7496936791],"OOD":false,"timesteps":500,"gp_dim":1.9589571602,"mse_mv":0.539244127,"pca":1,"lyapunov_spectrum":null,"kaplan_yorke_dimension":null,"pesin":null}
{"system":"LorenzSystem","D":3,"seed":2,"x0":[1.8790107337,0.5514662733,2.7496936791],"OOD":false,"timesteps":1000,"gp_dim":1.9446723304,"mse_mv":0.8370459247,"pca":1,"lyapunov_spectrum":null,"kaplan_yorke_dimension":null,"pesin":null}
{"system":"LorenzSystem","D":3,"seed":2,"x0":[1.8790107337,0.5514662733,2.7496936791],"OOD":true,"timesteps":100,"gp_dim":1.9213040117,"mse_mv":0.6378602081,"pca":1,"lyapunov_spectrum":null,"kaplan_yorke_dimension":null,"pesin":null}
{"system":"LorenzSystem","D":3,"seed":2,"x0":[1.8790107337,0.5514662733,2.7496936791],"OOD":true,"timesteps":500,"gp_dim":2.0332554285,"mse_mv":0.9655682513,"pca":1,"lyapunov_spectrum":null,"kaplan_yorke_dimension":null,"pesin":null}
{"system":"LorenzSystem","D":3,"seed":2,"x0":[1.8790107337,0.5514662733,2.7496936791],"OOD":true,"timesteps":1000,"gp_dim":2.0526930138,"mse_mv":1.1220977417,"pca":1,"lyapunov_spectrum":null,"kaplan_yorke_dimension":null,"pesin":null}
{"system":"LorenzSystem","D":5,"seed":2,"x0":[5.6226566278,1.5006226331,4.326307908,6.6929729857,4.2278467327],"OOD":false,"timesteps":100,"gp_dim":2.1298724048,"mse_mv":0.0651032671,"pca":2,"lyapunov_spectrum":null,"kaplan_yorke_dimension":null,"pesin":null}
{"system":"LorenzSystem","D":5,"seed":2,"x0":[5.6226566278,1.5006226331,4.326307908,6.6929729857,4.2278467327],"OOD":false,"timesteps":500,"gp_dim":2.1154697577,"mse_mv":0.0094414745,"pca":2,"lyapunov_spectrum":null,"kaplan_yorke_dimension":null,"pesin":null}
{"system":"LorenzSystem","D":5,"seed":2,"x0":[5.6226566278,1.5006226331,4.326307908,6.6929729857,4.2278467327],"OOD":false,"timesteps":1000,"gp_dim":2.0920615964,"mse_mv":0.0070700943,"pca":2,"lyapunov_spectrum":null,"kaplan_yorke_dimension":null,"pesin":null}
{"system":"LorenzSystem","D":5,"seed":2,"x0":[5.6226566278,1.5006226331,4.326307908,6.6929729857,4.2278467327],"OOD":true,"timesteps":100,"gp_dim":2.140469485,"mse_mv":1.0366166097,"pca":2,"lyapunov_spectrum":null,"kaplan_yorke_dimension":null,"pesin":null}
{"system":"LorenzSystem","D":5,"seed":2,"x0":[5.6226566278,1.5006226331,4.326307908,6.6929729857,4.2278467327],"OOD":true,"timesteps":500,"gp_dim":1.640386227,"mse_mv":0.0890070347,"pca":2,"lyapunov_spectrum":null,"kaplan_yorke_dimension":null,"pesin":null}
{"system":"LorenzSystem","D":5,"seed":2,"x0":[5.6226566278,1.5006226331,4.326307908,6.6929729857,4.2278467327],"OOD":true,"timesteps":1000,"gp_dim":2.0414278765,"mse_mv":0.0326361403,"pca":2,"lyapunov_spectrum":null,"kaplan_yorke_dimension":null,"pesin":null}
{"system":"LorenzSystem","D":7,"seed":2,"x0":[4.2278467327,6.3318439927,9.6743595249,6.8306482231,3.9162483308,1.8725256972,3.4596066557],"OOD":false,"timesteps":100,"gp_dim":1.5187885789,"mse_mv":0.0715996456,"pca":2,"lyapunov_spectrum":null,"kaplan_yorke_dimension":null,"pesin":null}
{"system":"LorenzSystem","D":7,"seed":2,"x0":[4.2278467327,6.3318439927,9.6743595249,6.8306482231,3.9162483308,1.8725256972,3.4596066557],"OOD":false,"timesteps":500,"gp_dim":2.0506263224,"mse_mv":0.0074874858,"pca":2,"lyapunov_spectrum":null,"kaplan_yorke_dimension":null,"pesin":null}
{"system":"LorenzSystem","D":7,"seed":2,"x0":[4.2278467327,6.3318439927,9.6743595249,6.8306482231,3.9162483308,1.8725256972,3.4596066557],"OOD":false,"timesteps":1000,"gp_dim":2.0383048545,"mse_mv":0.0072237203,"pca":2,"lyapunov_spectrum":null,"kaplan_yorke_dimension":null,"pesin":null}
{"system":"LorenzSystem","D":7,"seed":2,"x0":[4.2278467327,6.3318439927,9.6743595249,6.8306482231,3.9162483308,1.8725256972,3.4596066557],"OOD":true,"timesteps":100,"gp_dim":1.5020817661,"mse_mv":0.2567583578,"pca":2,"lyapunov_spectrum":null,"kaplan_yorke_dimension":null,"pesin":null}
{"system":"LorenzSystem","D":7,"seed":2,"x0":[4.2278467327,6.3318439927,9.6743595249,6.8306482231,3.9162483308,1.8725256972,3.4596066557],"OOD":true,"timesteps":500,"gp_dim":2.0391694469,"mse_mv":0.0243876433,"pca":2,"lyapunov_spectrum":null,"kaplan_yorke_dimension":null,"pesin":null}
{"system":"LorenzSystem","D":7,"seed":2,"x0":[4.2278467327,6.3318439927,9.6743595249,6.8306482231,3.9162483308,1.8725256972,3.4596066557],"OOD":true,"timesteps":1000,"gp_dim":2.0364637711,"mse_mv":0.0135280902,"pca":2,"lyapunov_spectrum":null,"kaplan_yorke_dimension":null,"pesin":null}
